thread,sentiment
240.0,0.2606474358974359
2583.0,0.41865826086956526
533029.0,-0.03838064516129032
10096.0,0.31603749999999997
9186.0,0.006380000000000001
525985.0,-0.2833371428571428
10553.0,0.4190942857142857
3890.0,0.23372610837438423
10532.0,0.37844705882352947
2348.0,0.14176369426751592
10496.0,0.3945963636363636
516537.0,0.03669928825622776
10603.0,0.3935245098039217
1138.0,0.20901948051948047
10563.0,0.6293536585365853
8653.0,0.5138472222222222
870.0,0.2413227272727273
6591.0,0.3130829268292683
530807.0,0.03344950495049505
7419.0,0.04949302325581396
537.0,0.47769512195121944
47257.0,-0.34343571428571423
41985.0,0.6119727272727273
8360.0,-0.12432181818181821
3683.0,0.1633102257636122
524191.0,-0.3366568181818182
1028.0,0.2995190476190476
438.0,0.5403902173913042
10787.0,-0.2534204545454546
104.0,0.22551655172413795
723.0,0.39499057971014495
2636.0,0.071234693877551
40083.0,0.550306
318151.0,0.7894029411764707
230.0,0.4515590769230769
1306.0,0.4079779220779221
1830.0,0.2837541176470588
53683.0,0.40109675324675326
6813.0,0.38111142857142855
453.0,0.41227425742574264
392.0,0.3023
1119.0,-0.43454758620689654
24388.0,0.5711194029850747
634.0,0.24511290322580645
1027.0,0.4558012987012987
157809.0,0.17376129032258064
1063.0,-0.36279705882352936
732.0,0.3739039603960397
197.0,0.7102013698630136
243367.0,0.37585614035087717
10841.0,0.1967418918918919
10863.0,0.27812535211267597
408.0,0.267
10043.0,0.8718025
138791.0,0.4385258893280632
1129.0,0.40159393939393945
23082.0,0.5527522727272728
3108.0,0.4133048780487806
686.0,0.46312934782608695
12.0,0.35912222222222223
35599.0,0.5516554455445545
1071.0,0.46572
1273.0,0.6612319148936172
8154.0,0.255916091954023
2098.0,0.167119512195122
1486.0,0.03282131147540984
23587.0,0.7537762711864406
10946.0,0.3608848484848485
5954.0,0.6553825000000001
3860.0,0.38830178571428575
2094.0,0.4872744680851063
11006.0,0.24282800000000002
86452.0,-0.1941414414414415
53684.0,0.10263863636363636
53686.0,0.3653153374233129
652.0,0.06529930069930069
20.0,0.32771729957805906
479.0,-0.5436612903225807
8067.0,0.40218571428571426
375.0,0.36716329113924046
565670.0,0.0527142857142857
4919.0,0.5706487394957982
11087.0,0.0730164705882353
360611.0,0.19474715909090914
7939.0,0.16706183574879227
3129.0,0.36132173913043486
1123.0,0.32751595744680856
80.0,0.21276203090507725
3180.0,0.2844071428571429
5606.0,0.6232780487804878
11135.0,0.07490000000000002
2279.0,0.27029400000000003
8904.0,0.5853744186046513
30.0,0.4027701694915254
1450.0,0.6361657142857143
378202.0,-0.09309753086419753
34786.0,0.48025517241379306
9063.0,0.1970475
2566.0,0.3690181818181818
255.0,0.7897473684210528
11170.0,0.3062913793103449
1081.0,-0.04159
1178.0,0.4031360465116279
7100.0,0.6610089552238806
872.0,0.5231422222222222
11.0,0.30779589041095895
209.0,0.50376
10196.0,0.11135483870967741
2091.0,0.3646023255813954
586367.0,0.6099826086956522
2214.0,0.29141818181818185
586963.0,-0.045836
355568.0,0.23061190476190477
11385.0,-0.01493030303030301
11409.0,0.11040277777777778
589794.0,-0.1105029411764706
11489.0,-0.03917096774193547
590712.0,0.4693333333333334
11510.0,0.2489909090909091
4767.0,0.24172033898305081
594395.0,0.21100000000000002
595564.0,0.6401177083333334
392645.0,-0.4126764705882353
596256.0,-0.10332025316455697
327.0,0.19244571428571428
201.0,0.3890126666666667
1832.0,0.46326382978723396
601857.0,-0.15411185185185186
2280.0,0.26242624999999997
12729.0,0.2802744186046512
605526.0,-0.3432052631578948
12749.0,0.3863671875
575.0,0.3902909090909091
12755.0,0.5747333333333333
12756.0,-0.45424687500000005
55.0,0.3391215384615385
12772.0,0.29675245901639347
12821.0,0.1489323529411765
30895.0,0.17584615384615385
12862.0,0.02335000000000001
3892.0,0.5673398230088497
3123.0,0.42262857142857146
267.0,0.04885161290322583
12891.0,-0.4780645833333334
128264.0,0.12506739130434782
12918.0,0.34955405405405404
359.0,0.29845000000000005
790.0,0.14238363636363638
624319.0,0.01196428571428573
1214.0,0.35545999999999994
12955.0,0.145825
849.0,0.33605113636363637
8110.0,0.20873548387096777
609.0,0.17674193548387093
1547.0,0.18966645569620255
13001.0,-0.0009499999999999886
53685.0,0.23801222222222226
7481.0,0.30449999999999994
13029.0,0.6037225806451614
6088.0,0.19422132701421801
13267.0,-0.4215166666666667
648.0,0.2996166666666667
9451.0,0.6100787234042553
13111.0,0.55305625
56297.0,0.3213714285714286
640398.0,-0.048547826086956514
13136.0,-0.5571840909090909
37993.0,0.42073521126760566
642710.0,0.1998
382.0,0.5035104651162791
13169.0,-0.5232283018867925
13173.0,-0.29617941176470586
644954.0,-0.30411351351351346
1238.0,0.27199062500000004
13183.0,-0.04819454545454546
13188.0,0.6069970149253731
648172.0,-0.06649375
649400.0,0.4626487179487181
13233.0,0.6684154929577465
1114.0,0.25241
13261.0,0.13088163265306121
13268.0,0.3619545454545454
13270.0,0.7234267515923567
13321.0,-0.36126315789473684
492.0,-0.09405862068965518
13346.0,-0.11368260869565218
1250.0,0.2672555555555556
681.0,0.22613333333333333
353848.0,0.5066824175824176
13372.0,-0.3320685714285714
13383.0,0.5226894736842105
13384.0,0.24146428571428571
13386.0,0.222534375
13393.0,0.2254734693877551
13412.0,0.44895853658536583
13451.0,0.5284826086956521
3220.0,0.1234138888888889
13508.0,-0.027003773584905664
678322.0,0.2814617021276596
679429.0,-0.5106157894736842
15127.0,0.24883928571428568
13570.0,0.3476371428571428
1054.0,0.04972045454545455
686694.0,-0.04542131147540983
686946.0,0.38849841269841273
13598.0,0.3179295774647887
1275.0,0.3451514285714286
13657.0,-0.03496166666666666
13670.0,-0.3327140350877193
340.0,0.41490000000000005
13855.0,0.3347064516129033
175522.0,0.8355882352941176
13714.0,0.03905581395348838
700476.0,0.4240285714285714
371.0,0.3232089285714285
13745.0,0.3869094594594594
13746.0,0.38564318181818186
13750.0,0.36625135135135134
1287.0,0.3270028571428572
706591.0,-0.05873442622950819
2081.0,0.33312
351933.0,0.35712
1298.0,-0.03184864864864865
864.0,0.26587058823529414
13801.0,-0.31023999999999996
13839.0,-0.493597619047619
13865.0,0.4881777777777778
13867.0,-0.32587608695652176
13868.0,-0.026454545454545453
1312.0,0.4818026315789474
13907.0,0.3987756756756757
13915.0,0.47848939393939394
13929.0,0.2521065476190476
725868.0,0.027964285714285702
1336.0,0.5140048780487805
14704.0,0.38626666666666665
725976.0,-0.445214465408805
726058.0,-0.03965894736842107
726199.0,0.2247046875
726250.0,0.31306888888888884
1341.0,0.3488162790697674
726287.0,-0.3090714285714285
726305.0,0.5615372093023256
726306.0,0.4699230769230769
726325.0,0.3185054545454546
413344.0,-0.2191398843930636
385844.0,-0.2927994680851064
726512.0,-0.17761714285714283
13955.0,-0.23122933333333337
309585.0,0.14454193548387098
726593.0,0.6868633928571428
726597.0,0.07571139240506328
726620.0,0.03467466666666669
30983.0,0.3062055555555555
41124.0,0.23219090909090906
44250.0,0.29070454545454544
42645.0,0.39926904761904763
42635.0,0.43255000000000005
726790.0,0.2639684210526316
726817.0,0.5347333333333333
34804.0,0.39372291666666664
34658.0,0.49666428571428567
29455.0,0.5764025641025642
726937.0,0.18712432432432435
17918.0,0.3806204545454545
727033.0,0.557784126984127
727076.0,0.48994594594594604
24429.0,-0.17980873786407772
42327.0,0.19013095238095234
24551.0,0.12193633093525179
30080.0,0.4780542056074767
37660.0,0.400892
314742.0,0.4107974358974359
727257.0,0.23096610169491527
348.0,0.3093935483870969
1999.0,0.2937732142857143
727324.0,0.79872
40458.0,0.13437804878048779
38876.0,0.33022264150943387
169827.0,0.16913488372093025
8976.0,0.5638806451612903
13987.0,0.5293604166666667
314148.0,0.3645851851851851
727679.0,0.4206333333333334
727705.0,-0.22608030303030302
727717.0,0.1759525
29148.0,0.5623485714285714
727793.0,-0.09100227272727274
727803.0,0.2737888888888889
727817.0,0.5394648148148149
728017.0,0.15714848484848484
281.0,0.25075625
728082.0,0.4596147058823529
42392.0,0.7552134615384615
728247.0,-0.28365238095238093
728253.0,-0.2695241935483871
728256.0,0.657195238095238
728259.0,0.5622681818181817
2095.0,0.4749142857142856
16850.0,0.25817333333333337
35207.0,0.29082439024390244
728670.0,0.47275125000000007
40852.0,0.2928604166666667
14025.0,0.08575526315789474
17431.0,0.3343459459459459
19060.0,0.017838297872340425
14029.0,0.27238053097345133
728926.0,0.2507587301587302
28749.0,0.15996153846153843
14034.0,-0.08992807017543862
729206.0,0.6326886075949367
729431.0,0.1853090909090909
729469.0,0.16043191489361702
729522.0,0.5046621052631578
729610.0,0.37094347826086954
14073.0,0.5452785714285713
729663.0,-0.04189189189189189
35507.0,0.26661818181818187
729701.0,0.46232500000000004
38652.0,0.2413611111111111
729795.0,0.42403680555555556
729877.0,0.5607525423728813
14086.0,0.1558734375
729985.0,-0.15712480620155037
730006.0,0.510729268292683
730025.0,0.039961643835616456
730029.0,0.570503448275862
730040.0,0.3545019230769231
187122.0,0.07093030303030301
14204.0,0.24396407185628746
730106.0,0.43916874999999994
730173.0,-0.395754716981132
730176.0,0.038974311926605505
730191.0,-0.42491290322580644
730201.0,-0.0089325581395349
730214.0,0.3964123076923077
730315.0,0.37869444444444444
730321.0,0.055811538461538475
40640.0,-0.11805973154362417
303956.0,-0.13008545454545453
730752.0,0.20057058823529408
2124.0,0.4535944444444445
731016.0,0.7424196721311475
731056.0,0.41898780487804876
731084.0,0.5499433734939759
731102.0,0.009911904761904785
731127.0,0.31497540983606553
731146.0,0.12219722222222222
731202.0,-0.5110763157894735
31900.0,0.7538828571428571
731255.0,0.6557631578947369
731267.0,0.3237140186915888
731288.0,0.03361176470588236
731372.0,-0.262885
731409.0,0.28620487804878053
731416.0,-0.050714666666666665
731493.0,-0.08992647058823533
731495.0,-0.08357368421052631
731500.0,0.5638659574468085
38806.0,0.3412728395061728
731555.0,0.26926842105263155
731574.0,0.491418
731622.0,0.40266874999999996
63874.0,0.29517179487179485
731752.0,-0.08414897959183675
14146.0,0.5741482352941177
731811.0,0.5939774647887326
731866.0,0.4862485294117646
731878.0,-0.012047499999999989
39375.0,-0.0885032258064516
14153.0,-0.2696013157894736
731922.0,0.3863633663366336
731967.0,-0.14774193548387093
732045.0,0.2551645161290323
732095.0,0.3287060606060606
732099.0,0.24754324324324326
732220.0,0.44459032258064524
732272.0,-0.05988101265822781
732286.0,0.41028924731182803
732304.0,0.7498687500000001
40788.0,0.3586573770491803
732448.0,0.48411111111111105
732576.0,0.29640980392156857
732606.0,0.5066129032258064
732660.0,0.7224431818181819
732681.0,-0.1688325
732750.0,0.3110263636363636
732760.0,0.38626666666666665
31378.0,0.12727407407407407
732845.0,0.17494
14195.0,0.623867924528302
14196.0,0.3739512195121951
26594.0,0.3218607476635514
733098.0,-0.42098181818181823
733126.0,0.03969756097560976
36484.0,0.5456966666666666
733162.0,0.6164492753623189
733213.0,0.01955892857142857
733215.0,0.3136288461538462
733217.0,0.3778545454545455
733218.0,0.228575
733227.0,-0.19936949152542371
733228.0,0.5493315789473684
733237.0,0.0586487804878049
733271.0,0.5184064516129032
733316.0,0.6829576923076922
733320.0,0.72598
733323.0,-0.1466293103448276
30791.0,0.265702
14187.0,0.38752801556420235
733380.0,-0.3160756097560975
733417.0,-0.06606774193548387
733427.0,0.42128777777777776
733470.0,0.531704255319149
733479.0,0.46772941176470584
16717.0,0.5280727272727272
733541.0,-0.5489057692307693
733544.0,0.5655266666666667
733572.0,0.3344948717948718
733623.0,0.1994392857142857
733702.0,-0.24013243243243243
733750.0,-0.33289772727272726
733825.0,-0.24873670886075946
31463.0,0.361786274509804
733883.0,0.4165033898305084
733900.0,0.3341614583333334
733941.0,0.3135307692307692
733955.0,0.17651063829787228
733963.0,0.5210911111111112
734062.0,0.19872735849056603
734119.0,0.4251500000000001
734138.0,0.5403307692307691
734189.0,0.8143567567567569
734192.0,0.24389821428571426
734224.0,0.3804884057971014
734247.0,0.1365307692307692
734248.0,0.41308205128205133
734265.0,0.7176054054054053
734284.0,0.4855402843601895
734305.0,0.31948809523809524
14245.0,-0.5665818181818182
734340.0,-0.24764545454545453
734382.0,0.5344931506849315
734395.0,0.7085692307692307
734411.0,0.45666171875
40043.0,0.37356746987951805
734489.0,0.5132297872340427
40902.0,0.3602324324324324
734527.0,0.13060294117647056
734535.0,0.2661387755102041
734556.0,0.5611815789473684
14256.0,0.5574774193548386
734651.0,0.5500208333333334
734667.0,0.6202255813953488
734730.0,0.2205560975609756
734762.0,0.783988679245283
734763.0,0.6948096774193548
734770.0,0.5260483870967743
734815.0,0.2805097222222222
734817.0,0.42710781249999996
734820.0,0.6824033333333334
734978.0,-0.012789719626168244
735190.0,-0.41708181818181805
735209.0,-0.2096948717948718
735235.0,0.427846875
735251.0,-0.11637249999999999
735283.0,0.3328746031746032
735335.0,0.20037342657342655
735354.0,0.4323813333333334
735358.0,0.6750903225806452
735376.0,0.2617979310344828
735388.0,0.08054276729559749
735392.0,-0.04909074074074074
735393.0,-0.06974854368932039
735406.0,0.15630588235294113
28846.0,-0.30704090909090903
735498.0,0.4817127659574469
735506.0,-0.2165878787878788
735507.0,0.06858813559322031
735546.0,0.018728333333333333
735570.0,0.21826721311475408
735634.0,-0.09794609053497942
735662.0,0.2257739130434782
735681.0,0.2505659090909091
31496.0,0.1493436619718309
735695.0,-0.21758529411764704
213072.0,0.41617990430622015
735836.0,0.5116265625
735853.0,0.23101086956521744
735869.0,-0.2759583333333333
735991.0,0.5281142857142856
736047.0,0.28327019867549663
44251.0,0.3455964912280702
736180.0,0.09798765432098767
736198.0,0.5342515151515151
736243.0,0.5813525
736285.0,0.5096569620253164
736306.0,0.6850942148760331
736355.0,-0.04947678571428571
736399.0,0.3871175925925926
736479.0,0.7559512195121952
736535.0,0.21085486725663719
736584.0,-0.31143999999999994
736592.0,0.28039811320754715
736593.0,0.13462916666666666
736622.0,0.3107287671232877
23334.0,0.3461325581395349
14366.0,0.1743232142857143
736742.0,-0.020291428571428547
736765.0,-0.04174117647058823
736775.0,-0.3550204081632653
736796.0,0.44502
14378.0,0.5712624999999999
736850.0,0.43884799999999996
14380.0,0.4006657142857143
737053.0,0.3055919191919192
737092.0,0.6404942857142858
737096.0,0.21359512195121952
14388.0,0.150271875
737111.0,0.5374302325581396
737148.0,0.6502791666666667
737156.0,0.8774939393939394
737179.0,0.6393141304347825
737187.0,0.6619406976744185
1073.0,0.3600652173913043
737234.0,-0.2101108108108108
737250.0,0.5993701298701297
737258.0,0.4921924242424243
737269.0,0.19013870967741933
737280.0,0.4843021739130435
737283.0,0.6541806451612904
737284.0,0.43590190476190477
737288.0,0.5456624999999999
737313.0,0.59193125
737329.0,0.42837187499999996
737338.0,0.29792325581395346
737359.0,0.6327121951219512
14411.0,0.28558048780487805
42517.0,0.57715
737386.0,0.013184210526315793
737416.0,0.44243749999999993
737467.0,0.34240000000000004
737469.0,0.13928787878787877
2632.0,0.11715897435897435
737472.0,0.5130189473684211
737475.0,0.08864637681159422
737481.0,0.13423499999999997
36020.0,0.7093636363636362
737483.0,0.09024166666666666
737485.0,0.7478
737511.0,0.45671481481481485
737514.0,-0.09406000000000003
737518.0,0.36652682926829266
737529.0,0.42017373737373737
737530.0,0.4519956521739131
737552.0,-0.0257284090909091
737559.0,0.5281094736842106
737571.0,0.2536361111111111
737579.0,-0.06873902439024392
737581.0,0.710296875
737587.0,0.6418327586206897
39182.0,-0.0975425414364641
737609.0,0.5159631578947369
737621.0,0.45511964285714285
32110.0,0.5305612903225807
737653.0,-0.2214142857142857
737665.0,0.7491935483870967
737688.0,0.5441822784810125
737706.0,0.618595
737710.0,0.7540718750000001
737722.0,0.4252015384615384
14447.0,0.35157352941176473
737730.0,0.19002121212121215
737734.0,0.052370093457943946
14451.0,0.45752708333333336
737748.0,-0.31785161290322583
737758.0,-0.45400810810810815
14453.0,0.4286085714285715
737775.0,0.46637878787878784
737784.0,0.5928910714285714
737786.0,0.0055677419354838815
737806.0,0.05380000000000001
737816.0,0.403588888888889
737836.0,0.3328605769230769
737841.0,0.5053531645569621
737899.0,0.5544886363636364
737903.0,0.3881577777777778
737905.0,-0.015527027027027034
737909.0,0.3229980392156862
737914.0,0.7945880952380953
737921.0,0.5956837209302326
737940.0,0.5868758064516129
737948.0,0.456446875
737985.0,0.4597738095238095
738000.0,-0.04864736842105263
738025.0,0.20398170731707319
738026.0,-0.09986603773584903
738063.0,0.46006285714285705
738104.0,0.12840379746835442
738147.0,-0.21472600000000003
738192.0,-0.0447516129032258
738204.0,0.020914163090128755
738215.0,0.08346451612903226
738247.0,-0.025336111111111108
738275.0,-0.3879549019607843
738303.0,-0.12216999999999999
738355.0,-0.21776176470588235
738386.0,0.23538387096774196
738446.0,0.0565016393442623
14494.0,0.28854516129032254
738658.0,0.6781926829268293
738711.0,0.27103225806451614
738787.0,-0.004356250000000016
14512.0,0.4998340909090908
738829.0,0.7806283950617284
738883.0,-0.33455142857142856
14558.0,0.5889193548387097
14562.0,-0.6861184210526314
14584.0,0.4758903225806451
14585.0,0.401204347826087
14594.0,0.3035148936170213
14611.0,0.29783863636363644
14636.0,0.45496363636363635
1435.0,0.30422187500000003
14663.0,-0.3820583333333334
14712.0,0.1561625
14741.0,-0.17050175438596493
1449.0,0.40770769230769227
540.0,0.15386703296703297
14811.0,0.34366557377049173
14872.0,-0.015003225806451614
14901.0,0.0308204081632653
14921.0,-0.00951860465116279
14935.0,-0.1396273381294964
14972.0,0.4851680851063831
15005.0,0.4865029411764706
15022.0,0.11583399999999999
15055.0,0.31542666666666663
1855.0,0.3529
15069.0,0.43281967213114764
2923.0,0.2797061538461539
15083.0,-0.03311212121212122
15085.0,0.44708787878787876
15093.0,0.11693076923076924
15094.0,-0.4614815242494227
15135.0,0.3023333333333334
15137.0,0.096228125
15138.0,0.4603
15163.0,-0.07226764705882355
341.0,0.269363829787234
1497.0,0.6199372881355932
15216.0,0.556453125
15241.0,0.24716122448979594
15249.0,0.15716000000000002
15250.0,0.012644186046511623
15290.0,0.5794483870967743
15296.0,0.5456371428571428
15308.0,-0.39252272727272736
15337.0,0.4078225806451613
15345.0,0.43065373134328355
15355.0,-0.6608666666666665
15374.0,0.39686315789473686
15396.0,-0.26391290322580646
15426.0,0.3315857142857143
15438.0,-0.1004938775510204
15500.0,-0.10964178794178794
15503.0,-0.056948484848484845
15504.0,0.12357551020408165
15558.0,-0.18285324675324677
15586.0,-0.2577086956521739
15638.0,0.08039107142857141
1537.0,0.3934166666666667
338.0,0.36677826086956516
1546.0,0.02865211267605635
15733.0,-0.3611884816753927
15744.0,0.27130000000000004
15757.0,-0.16886444444444443
15791.0,-0.15291428571428572
15801.0,0.24621506849315064
1567.0,0.04996595744680852
15886.0,-0.11837706093189965
15915.0,0.11690833333333334
15950.0,0.008589411764705865
15951.0,0.5285071428571428
15952.0,0.4015626086956522
16021.0,0.04577586206896552
16037.0,-0.5435921875
1588.0,0.5165816326530613
1589.0,0.2994136363636364
16094.0,0.26515611510791365
16110.0,-0.2833591836734694
16116.0,0.28572058823529417
16121.0,-0.4188456953642384
16163.0,-0.4924282051282051
16176.0,-0.19297826086956518
16187.0,-0.3307744186046511
16190.0,-0.17512837837837839
16217.0,0.38231379310344826
16238.0,-0.26981063829787233
16243.0,-0.13432702702702698
16272.0,0.08757540983606558
16364.0,0.077245
16365.0,0.3205
16370.0,0.5808375
16372.0,0.17788398058252425
1631.0,0.5135294736842106
78.0,0.20940238095238092
16446.0,0.35319714285714293
16481.0,0.13653823529411763
16484.0,0.21666666666666667
16525.0,-0.01966315789473684
16531.0,-0.421725
16566.0,0.2940972972972972
16569.0,-0.3731485714285714
16570.0,-0.402598
16571.0,-0.26499259259259267
16573.0,-0.04314210526315789
603.0,-0.048953932584269645
16601.0,-0.3594
16612.0,0.200390625
16616.0,-0.15736578947368424
16737.0,-0.43296285714285715
16806.0,-0.28294426229508196
16835.0,0.2707032258064516
16843.0,0.3938236842105263
16851.0,-0.024796226415094342
16912.0,0.2649102040816327
16946.0,-0.0748361111111111
292.0,0.33690303030303026
1710.0,0.3738345238095238
17001.0,-0.018581481481481473
17035.0,-0.3628955555555555
17048.0,0.6349812499999999
17063.0,-0.5829128205128205
17067.0,0.09689583333333333
339.0,0.538025
17102.0,0.317996875
17184.0,0.40138333333333337
17225.0,0.3974882352941176
17283.0,0.3011728813559322
17304.0,-0.011215753424657542
17325.0,-0.6000375
17352.0,-0.2489819672131148
1749.0,-0.4316924999999999
17425.0,0.08750000000000001
17428.0,-0.4649952380952381
17457.0,-0.6050648648648649
17485.0,0.004542222222222245
17530.0,0.24362631578947366
17539.0,-0.506449077490775
17553.0,-0.13018510638297873
17598.0,0.2753675675675676
17612.0,0.07749855072463768
14202.0,0.39255483870967744
2096.0,0.48783802816901395
17687.0,0.1000867256637168
17726.0,0.33178924731182796
17736.0,0.12975491803278688
17741.0,0.444590625
17774.0,-0.36463783783783793
1800.0,0.1440684210526316
17807.0,0.33510392156862745
17839.0,-0.22392800000000004
17591.0,0.4860875
17872.0,-0.06480684931506847
1810.0,0.13712045454545452
17905.0,0.18849111111111116
1818.0,0.5453322580645159
17971.0,0.519984
18033.0,0.23129032258064516
1828.0,0.4166295454545454
18048.0,0.4596526315789474
18126.0,0.27040625
18215.0,-0.11535217391304346
18231.0,-0.33242352941176473
18274.0,0.427427027027027
18290.0,0.38934255319148925
18344.0,-0.13620172413793108
18378.0,0.04753333333333334
18426.0,-0.29425081967213124
18457.0,-0.30455909090909095
18528.0,-0.055334117647058825
18606.0,0.3202225806451613
18659.0,0.5664087719298245
18795.0,-0.23820384615384618
18810.0,-0.4270171428571428
18848.0,-0.15388000000000002
18867.0,0.15228947368421056
1898.0,0.336614705882353
18910.0,0.7376754716981132
18919.0,-0.33683124999999997
19041.0,-0.36040277777777774
1916.0,0.05185454545454546
19173.0,-0.1343472527472527
19389.0,-0.5467971830985915
19392.0,-0.32217395833333334
19398.0,0.4930424242424243
19411.0,0.3613181818181818
19461.0,0.33472903225806444
19462.0,-0.2263
19463.0,0.5061659999999999
19472.0,-0.11778673469387754
19475.0,-0.2538510638297872
19487.0,-0.15101515151515152
1955.0,0.05963913043478261
19561.0,-0.23906304347826088
19577.0,-0.1087311111111111
19645.0,-0.31270312499999997
19715.0,0.5436487804878049
19763.0,0.5449368421052633
354.0,0.17745
19814.0,-0.3227512820512821
19894.0,0.1955609756097561
1975.0,0.0022559139784946174
19923.0,-0.3658307692307693
1977.0,0.2822516129032258
19971.0,0.222638
19990.0,0.3774583333333334
20036.0,0.3994288888888889
20044.0,-0.15532828282828284
20047.0,0.30908490566037733
20146.0,-0.13429354838709676
20149.0,0.27459
20151.0,-0.018718
20188.0,-0.4367941176470588
20204.0,0.10492352941176471
20232.0,0.11132941176470589
20280.0,-0.040942391304347826
20372.0,0.22836111111111113
20453.0,-0.2636473372781065
20463.0,0.3267055555555555
20503.0,-0.19508235294117646
20518.0,-0.188578431372549
20558.0,0.4413970588235295
20563.0,-0.3658591836734694
20581.0,-0.49647105263157904
2020.0,0.1119909090909091
20613.0,-0.15974857142857143
20693.0,-0.20866190476190477
20696.0,-0.24693263157894746
20726.0,-0.09913684210526315
20892.0,0.34393207547169813
20894.0,-0.18850285714285717
20993.0,-0.23840769230769232
21023.0,0.06838787878787879
21051.0,-0.007993599999999984
21101.0,0.1598595238095238
21115.0,0.2203129032258064
21127.0,0.11351451612903227
2057.0,0.7356451612903225
21154.0,-0.22335555555555556
2062.0,0.547502380952381
21165.0,0.46410999999999997
5964.0,0.42332093023255823
21196.0,0.04987454545454544
21239.0,0.5255425531914893
21254.0,0.3850479166666667
21255.0,0.1045518181818182
21263.0,0.5722583333333332
21369.0,0.26087166666666667
21591.0,-0.17535858585858588
21469.0,0.6658766233766233
21481.0,-0.08580416666666667
21499.0,0.4343359375
21517.0,0.30071102362204727
21558.0,0.15629761904761907
21562.0,-0.14888260869565215
21615.0,0.11583170731707318
21625.0,-0.2624068181818182
506.0,0.2327796296296296
21682.0,-0.10664375000000001
21689.0,-0.045547457627118634
21690.0,0.3945785714285715
21710.0,-0.08751111111111112
21776.0,0.15017567567567566
21789.0,0.17139444444444443
21832.0,0.44833440860215057
21839.0,0.3252671428571429
21859.0,-0.4323906976744186
21878.0,-0.10558372093023255
21881.0,0.04431578947368422
21887.0,-0.30598085106382983
21903.0,-0.3168846153846153
21943.0,0.07536969696969696
21990.0,0.6723113636363637
22041.0,-0.5940224489795919
22093.0,-0.24082058823529415
22120.0,-0.15196976744186047
22146.0,-0.27621875
22149.0,0.1846114285714286
22169.0,0.031155555555555565
22224.0,0.29046999999999995
22233.0,0.5611147058823529
22239.0,-0.32520519480519483
22353.0,0.004402777777777789
2223.0,0.45005897435897435
22430.0,0.2952828125
22447.0,0.28489069767441866
22452.0,-0.17918247422680408
2228.0,0.3709270833333333
22460.0,-0.2083985074626866
22467.0,0.7549178294573643
22486.0,0.18962307692307695
22515.0,0.32699090909090905
22519.0,0.3760466666666667
22550.0,-0.04996
22551.0,0.2850645161290322
2249.0,-0.13196129032258067
22587.0,-0.3842737704918032
22589.0,-0.12108974358974359
22623.0,-0.019326315789473685
22633.0,0.11966410256410259
22753.0,0.2654753846153846
22781.0,0.31003333333333344
2281.0,0.3796971590909091
22833.0,0.4732114754098361
22843.0,0.01989220183486239
22850.0,0.8563976190476191
22887.0,0.09482093023255816
22897.0,0.33294117647058824
22917.0,0.3117025
22941.0,-0.10396315789473685
22943.0,0.07621529411764703
22969.0,0.39629756944444444
23078.0,-0.10283783783783783
23119.0,0.063721875
2306.0,0.08089787234042554
23420.0,0.37496393442622955
23465.0,0.32078000000000007
23474.0,0.24543225806451616
23592.0,-0.41184693877551026
23709.0,0.4966068493150685
23733.0,0.6329385542168673
23743.0,0.3776323529411765
23751.0,0.789683870967742
23837.0,-0.22369811320754712
23882.0,0.07441904761904762
23892.0,-0.200628125
23931.0,-0.27418979591836734
23934.0,-0.3096622950819672
23935.0,-0.09086603773584906
23939.0,0.34991875
2380.0,0.2662723404255319
23993.0,0.09050344827586207
24003.0,-0.09540303030303028
2392.0,0.4299257142857143
24037.0,0.41360204081632646
24071.0,0.41034242424242423
24101.0,0.20913658536585367
24104.0,0.6411666666666667
24155.0,-0.3619102941176471
24169.0,-0.10726904761904762
24171.0,-0.37735937500000005
24188.0,0.491286
24267.0,0.5214937500000001
24289.0,0.4223058823529412
24296.0,-0.079581746031746
24354.0,0.6370342857142857
24439.0,-0.37903521126760564
24445.0,-0.19769038461538463
24495.0,0.22968983050847455
24498.0,-0.08777499999999999
24506.0,0.36970985915492954
24514.0,0.4345642857142857
24518.0,0.11480400000000002
24542.0,0.33162615384615385
24634.0,0.1706142857142857
2446.0,0.6256396551724138
24697.0,0.34187010869565215
2452.0,0.4396282051282053
24775.0,0.23731764705882358
24794.0,0.3072064516129032
24839.0,0.026808139534883726
24852.0,0.16579428571428573
24862.0,-0.04418333333333334
24876.0,0.14101388888888888
24890.0,0.16172432432432435
2478.0,0.1766375
24923.0,-0.31109473684210526
24930.0,-0.17042444444444438
24990.0,0.022854510309278358
25004.0,0.16595795454545456
25033.0,0.3009026315789473
25056.0,0.07409399999999998
2493.0,0.27989787234042557
25090.0,0.12237631578947368
2497.0,0.28820285714285715
25108.0,-0.16283333333333333
25110.0,0.1250232558139535
25159.0,0.2805875
25160.0,0.02036060606060606
2510.0,0.24295277777777777
25187.0,0.14649361702127658
25198.0,-0.37386551724137934
25202.0,0.1916709677419355
25210.0,0.18152903225806455
25211.0,0.34959534883720933
25271.0,-0.26966404494382024
2520.0,0.22296363636363636
25331.0,0.36505
25345.0,0.24519032258064521
25396.0,0.004262000000000021
25457.0,-0.0632153846153846
25484.0,-0.22768416666666666
25513.0,-0.06347741935483871
2564.0,0.3872805555555556
25557.0,-0.2607081081081081
25563.0,0.7103342857142857
2567.0,0.3784641025641026
25615.0,-0.15373965517241375
25624.0,-0.17820816326530609
25633.0,0.3474761589403974
25650.0,-0.082555
2578.0,0.42797714285714283
410.0,0.4042153846153846
25785.0,0.4394848484848485
25817.0,0.2923549019607843
25858.0,0.24195624999999998
25887.0,-0.43211791044776116
25937.0,0.6266362573099415
26010.0,-0.05028333333333333
26012.0,-0.26767250000000004
26022.0,0.271030243902439
26046.0,0.5994428571428572
26071.0,-0.21177741935483868
26089.0,-0.025636842105263163
26108.0,-0.160058064516129
26130.0,0.4242666666666667
26132.0,-0.31915483870967737
26197.0,-0.43834477611940303
26223.0,0.05233040540540543
26226.0,0.46118857142857134
26255.0,-0.44554216867469876
26284.0,0.22507192982456142
26290.0,0.4258066115702479
26312.0,-0.24341837606837607
2659.0,-0.03860192307692309
26399.0,-0.31006969696969694
421.0,0.14855749999999998
26465.0,0.329236507936508
26507.0,0.10777250000000001
26509.0,-0.2740594594594595
26513.0,0.485
2664.0,0.7646114285714286
26552.0,0.39790000000000003
26554.0,0.13900882352941177
2666.0,0.5007181818181818
26581.0,0.728418918918919
26635.0,0.08647164179104477
26670.0,-0.06406756756756757
26699.0,-0.060029411764705894
26704.0,-0.11644062499999996
26734.0,0.07581454545454547
26758.0,0.026414942528735635
26762.0,-0.022853086419753085
26826.0,0.3402064516129032
26829.0,-0.2181512820512821
26847.0,-0.04028974358974358
26851.0,0.14615671641791045
26900.0,-0.10013846153846154
26921.0,-0.3299061728395062
26930.0,-0.04962022471910112
2699.0,0.4683323529411765
26958.0,-0.008624000000000003
26959.0,0.5421846153846155
26986.0,0.2701849056603774
26988.0,-0.042120000000000005
2715.0,0.6027419999999999
27029.0,0.06810757575757576
27053.0,0.8259852459016394
27074.0,0.2620116883116883
27094.0,0.33806321839080455
27203.0,-0.27913054187192116
27227.0,0.4307702479338843
2753.0,0.5119902777777778
27245.0,0.4111677018633541
27259.0,-0.3889681818181819
27269.0,0.11960645161290324
27285.0,0.21626000000000004
27295.0,0.3027941176470588
27321.0,0.13308124999999998
27322.0,0.12174761904761908
27325.0,0.047644897959183675
27328.0,0.6427546666666667
27345.0,-0.15583124999999998
2785.0,0.22594772727272724
27385.0,0.4878534246575343
27405.0,0.548115625
27409.0,-0.3908892307692309
27434.0,-0.28834444444444446
27435.0,0.20367073170731712
2803.0,0.4344611111111111
436.0,0.17150208333333336
27533.0,0.045642261904761894
27544.0,0.018545070422535212
27575.0,0.4065560000000001
27590.0,-0.4800875
2813.0,0.30546557377049177
2819.0,0.3182022222222223
27672.0,0.25614000000000003
27692.0,-0.13823641456582633
27701.0,0.1452888888888889
27699.0,0.12248222222222224
27773.0,-0.3585853658536586
27818.0,0.6887373626373627
27821.0,0.5653545454545454
27826.0,0.5069815789473684
2839.0,0.5811162162162163
27836.0,0.06926698113207545
27846.0,0.6160125
2844.0,0.08445104895104896
27886.0,-0.14469056603773583
27910.0,0.06085151515151517
2853.0,0.5409386363636365
2856.0,0.38658333333333333
28005.0,-0.18722448979591835
28009.0,0.21002727272727273
2869.0,0.2004009900990099
2870.0,-0.05958979591836734
2882.0,0.28799444444444444
28109.0,0.6599942857142858
28158.0,0.3167918918918919
28160.0,0.11087209302325582
28200.0,0.22619803921568624
28206.0,0.23924107142857146
28216.0,0.5732571428571429
28217.0,0.7233054054054054
28321.0,-0.4551880952380952
28363.0,-0.5919568181818181
28389.0,-0.08644871794871797
2940.0,0.1816212765957447
28392.0,-0.04928857142857142
28399.0,0.09704931506849315
28405.0,0.3997571428571428
2951.0,0.5271399999999999
2952.0,0.4030088
28483.0,0.08842682926829269
28560.0,0.21865882352941177
28610.0,0.7891174999999999
28620.0,-0.22743499999999994
28655.0,-0.013832380952380943
28717.0,0.3796348484848485
28778.0,0.5849981818181818
2991.0,0.38930000000000003
28844.0,0.31564791666666664
28845.0,-0.13256634615384616
28905.0,-0.10166315789473686
28906.0,0.2306711538461538
28992.0,-0.3022733333333333
28947.0,-0.17551428571428568
29037.0,-0.2737363057324841
29044.0,0.13099729729729734
29089.0,-0.11429516129032258
29129.0,0.034636065573770476
29164.0,0.6575937500000001
29299.0,0.4051568181818182
29304.0,-0.1413297297297297
29316.0,-0.6177416666666667
29363.0,0.2909024193548387
3096.0,0.17051176470588233
29443.0,-0.12987188498402558
29459.0,0.7745145833333332
29501.0,0.14295684210526313
3120.0,0.3491194444444444
29541.0,0.25439298245614034
29599.0,-0.3020230088495575
29617.0,0.09187297297297296
29658.0,-0.14891749999999998
29680.0,0.047401470588235295
29681.0,0.17370789473684212
29776.0,-0.12715128205128204
29806.0,-0.29537142857142856
719.0,0.2586512195121951
29870.0,-0.13416499999999995
29882.0,0.4053523809523809
3189.0,-0.24468125000000002
29933.0,0.3619555555555556
29946.0,-0.2840577777777778
29949.0,0.12725454545454548
29966.0,0.19535384615384616
29981.0,-0.2017340909090909
30003.0,-0.041265909090909096
30007.0,0.7760361111111111
30023.0,0.3483235294117647
30052.0,0.02665199999999999
30057.0,0.2607697674418605
30061.0,0.3343391304347826
30097.0,0.05532195121951219
30137.0,-0.319973417721519
30177.0,0.5144176470588235
30178.0,-0.33259583333333337
30182.0,0.4852233082706767
30209.0,0.48001750000000004
30248.0,0.2967451612903226
30274.0,-0.15667790055248618
30309.0,0.23800285714285713
30313.0,-0.4713885057471265
30321.0,0.172340625
30331.0,0.21015299539170507
3231.0,0.4917757894736843
30355.0,-0.2659326241134752
30400.0,0.32223809523809527
30409.0,-0.07821640625
3243.0,0.3013742857142857
30452.0,0.07533260869565218
3246.0,0.4501695035460993
30483.0,-0.05214090909090908
30487.0,0.12581777777777778
30509.0,0.17305531914893615
30524.0,0.11880285714285714
30531.0,0.00165142857142858
30554.0,0.311090625
30560.0,0.10110307692307693
30563.0,0.43592727272727266
30593.0,-0.12923424657534247
30596.0,0.09617714285714286
30597.0,-0.6423166666666666
30698.0,0.22549468085106386
30699.0,-0.2674633928571429
30720.0,0.02344571428571428
30750.0,-0.15997878787878786
3273.0,0.4195606060606061
30789.0,0.24101428571428574
30833.0,-0.2026794117647059
3281.0,0.22766530612244898
30912.0,0.08385416666666666
30918.0,-0.44191395348837204
30926.0,-0.30478076923076924
31587.0,0.4992479166666666
30954.0,0.5932346938775511
30956.0,0.1381304347826087
30967.0,0.44665411764705887
30996.0,0.44024905660377356
30999.0,0.3596826086956522
31063.0,0.3644307692307693
31086.0,0.18001818181818183
31108.0,-0.657821875
31110.0,0.24991944444444444
31121.0,0.3068880952380953
31177.0,-0.3679299145299145
31198.0,0.022322499999999995
31204.0,0.40045303030303037
31235.0,-0.2931911111111111
31278.0,-0.15805277777777774
3322.0,-0.0026020408163265297
31286.0,-0.2501771428571429
31335.0,-0.06666419753086418
31343.0,-0.32410125
31376.0,0.641659375
31398.0,0.808445945945946
31405.0,0.17859677419354839
31430.0,-0.5488578947368421
31433.0,-0.017550000000000007
31434.0,-0.014399358974358973
31450.0,-0.5800104166666666
31455.0,0.40792619047619044
31505.0,-0.558084
500.0,0.4168477272727273
3344.0,0.3297771428571428
31576.0,-0.4329741573033708
31580.0,-0.2684615384615385
31632.0,-0.3474770833333333
4776.0,0.3215185714285715
31662.0,0.28417200000000004
31681.0,0.2852328358208955
31685.0,-0.186154
31712.0,0.40707567567567565
31738.0,-0.033113888888888894
31745.0,0.2792096774193548
31754.0,0.11078205128205128
31778.0,-0.4589047619047618
31791.0,-0.170828125
31850.0,-0.4993676470588235
31856.0,-0.05203225806451613
31881.0,-0.5252493827160495
31891.0,-0.3270325
31893.0,0.11553611111111109
31941.0,0.2191869565217391
31942.0,0.6618595238095237
3387.0,0.2698878048780488
32002.0,-0.08238387096774194
32006.0,-0.2773102564102564
32019.0,-0.6413159090909091
32028.0,-0.4709712121212121
32067.0,-0.31316183206106873
32082.0,0.251528125
32103.0,-0.055923437500000006
32121.0,0.3342193548387097
32136.0,-0.5392139534883721
32142.0,-0.17227692307692308
3404.0,0.354950505050505
32179.0,-0.33985588235294123
3411.0,0.6433050847457628
32261.0,0.2834909090909091
32271.0,-0.49086250000000003
3417.0,0.36776836734693885
32296.0,-0.2395969696969697
32316.0,0.0287746835443038
32324.0,0.4776170212765958
32328.0,0.1735561403508772
32360.0,0.5252576086956522
32422.0,0.0005012820512820615
32465.0,-0.0894
32477.0,-0.5274746031746033
32521.0,0.3527180555555555
32551.0,0.19844146341463417
32552.0,-0.1778555555555556
32566.0,0.6465583333333333
32580.0,0.29029479166666666
32645.0,-0.3862460000000001
32647.0,0.5277558823529411
32658.0,-0.15612380952380955
32666.0,-0.13017741935483873
32742.0,-0.1336222222222222
32753.0,-0.5007328767123288
32787.0,0.32906315789473684
32828.0,0.4746204081632653
32846.0,0.5900486486486487
32850.0,0.07938181818181819
32895.0,-0.3316105263157894
32919.0,-0.7390029411764704
32929.0,0.45006176470588233
32952.0,0.2441214285714286
32978.0,0.224498
32991.0,-0.0674122222222222
33016.0,-0.01202666666666667
33026.0,0.11395208333333334
3475.0,-0.33383863636363637
33045.0,0.08465806451612903
33060.0,0.044815625000000005
33085.0,0.4509485714285715
33110.0,-0.030659615384615372
33144.0,0.03935272727272728
3491.0,0.5720454545454546
33160.0,0.23389354838709678
33224.0,0.4548701754385965
33229.0,0.2843475
3500.0,0.5555312499999999
33259.0,-0.1739639455782313
33265.0,0.08172205882352941
3507.0,-0.16139375
33304.0,-0.26795
33343.0,0.06954289156626506
33357.0,0.6143416666666668
33359.0,-0.16253986928104575
33369.0,0.4377380952380952
33372.0,-0.2111710280373832
3516.0,0.085475
33399.0,0.23648787878787877
33428.0,-0.04831612903225806
39786.0,0.07003103448275862
33513.0,-0.19055250000000004
33519.0,-0.37055647058823526
33520.0,0.4151211538461539
33534.0,0.355895
33575.0,-0.2815369565217391
33589.0,0.27869904761904757
33591.0,-0.1469703703703704
33594.0,0.5028469387755102
33626.0,0.20677857142857142
33628.0,-0.2587436893203884
33634.0,0.28905714285714285
33637.0,0.5306964285714286
33640.0,-0.025017999999999995
33673.0,0.24465196078431373
33680.0,0.10426060606060604
33805.0,-0.3435083333333333
33814.0,0.28179743589743594
33823.0,0.4635548387096774
33868.0,0.19796103896103895
33907.0,0.22278391608391612
33925.0,0.4433177777777778
3580.0,0.41218571428571427
33990.0,0.5035564102564104
34006.0,0.05361180555555556
34020.0,-0.5316614035087719
34022.0,0.2290088888888889
34036.0,-0.05597049180327869
34037.0,-0.225009375
34065.0,-0.1931461386138614
34087.0,0.14266410256410259
34091.0,0.5856055118110236
34144.0,-0.21463030303030306
34205.0,0.609159375
34219.0,-0.4311809523809524
34254.0,0.5122870967741936
34276.0,0.5766405405405405
34285.0,0.016279487179487177
34301.0,0.4699417910447761
34310.0,-0.176586301369863
34322.0,0.288096875
34323.0,0.1521763157894737
34330.0,0.44581627906976745
34347.0,0.4886619047619048
34369.0,0.34193606557377043
34415.0,0.37538
34427.0,0.4214853658536586
34455.0,0.39641290322580647
34495.0,0.3393186046511628
34500.0,0.4588602836879433
34506.0,-0.14251652892561983
34528.0,-0.07239714285714287
34530.0,0.46336451612903223
3681.0,0.5248371134020619
34591.0,-0.16448636363636363
34596.0,0.4595806451612903
34615.0,-0.40993999999999997
34640.0,-0.1752368421052631
34694.0,-0.36788000000000004
34783.0,-0.21936762589928055
34787.0,-0.45304999999999995
34849.0,0.39068285714285717
34937.0,0.13656962025316455
34973.0,-0.0040666666666666525
35002.0,0.118853125
35011.0,0.5113469879518071
35022.0,-0.478988
35042.0,0.19662187499999997
35046.0,0.7697529411764705
35092.0,-0.21715428571428572
35132.0,-0.044293548387096766
35177.0,0.3717095238095238
35178.0,-0.2575007692307692
35210.0,-0.3026924528301887
35242.0,-0.26255151515151515
35255.0,0.00011791044776118436
35288.0,0.5445941176470589
35294.0,0.10049999999999996
35298.0,0.6640880952380953
35313.0,-0.09023859649122806
35315.0,-0.16340487804878048
35336.0,-0.03615681818181817
35401.0,-0.3114294117647059
35407.0,0.14529780219780222
35420.0,-0.12112678571428573
35428.0,-0.29782923076923074
35447.0,0.6714583333333334
35451.0,0.6879338235294118
35489.0,0.4995583333333334
35495.0,-0.29632903225806445
35496.0,-0.32742127659574477
35531.0,0.3583071428571428
35567.0,-0.03948085106382981
35569.0,0.5566156250000001
35600.0,0.3650850746268657
35628.0,0.35834918032786883
35666.0,-0.14965660377358495
35696.0,-0.17025925925925925
35708.0,-0.18019454545454547
35746.0,0.3174219512195122
35859.0,0.5589000000000001
35900.0,0.26111578947368413
35922.0,-0.41568648648648643
35949.0,0.48557187500000004
35997.0,0.15816176470588236
36017.0,0.11985
3848.0,0.45885897435897444
36074.0,0.003928358208955218
36075.0,0.4553451612903226
36130.0,-0.3085948717948717
3853.0,0.11040681818181816
36176.0,0.022371111111111095
3859.0,-0.020519672131147547
36282.0,0.11104918032786888
36321.0,-0.11578166666666667
36330.0,0.6442058823529411
36514.0,-0.12718823529411763
36565.0,0.5992357142857143
36573.0,0.04837772727272727
36595.0,0.7037388888888889
36711.0,0.1239262295081967
36827.0,-0.25061279999999997
36829.0,-0.14656065573770494
36851.0,0.7174741935483873
36853.0,0.10254705882352935
36856.0,0.3094858585858586
36866.0,0.23861216216216216
36877.0,0.29719729729729727
36920.0,0.0324051282051282
36937.0,0.482376923076923
36938.0,0.02678215223097113
36958.0,0.01854102564102564
36959.0,0.042213043478260874
36997.0,-0.06520181818181815
37021.0,0.6382612903225807
37060.0,0.32269800000000004
37114.0,-0.04823593749999999
37132.0,0.23140303030303028
37143.0,-0.2009660642570281
37153.0,0.5378738461538461
37160.0,-0.06676428571428573
37176.0,0.4575209302325582
37192.0,0.1401801652892562
37227.0,0.4481575757575757
37238.0,-0.30523243243243237
37274.0,0.468134375
37281.0,-0.24677741935483868
3959.0,0.41934375
37333.0,0.4468363636363637
37349.0,0.5073131868131869
37457.0,0.4549297297297297
37481.0,-0.20591627906976745
37496.0,0.518249295774648
37506.0,0.5025058823529411
37531.0,0.6291367521367524
37569.0,0.35648387096774187
37577.0,-0.18556969696969697
37646.0,-0.4961606060606061
37647.0,0.60695
37653.0,-0.04152549019607846
37743.0,0.2468677419354839
37744.0,0.5484605263157893
37769.0,0.08009466666666666
37781.0,-0.20076
37818.0,0.3423396226415094
37832.0,0.32777195121951214
37835.0,0.24404634146341464
37850.0,0.060511475409836056
37880.0,-0.3946393939393939
37889.0,0.011731250000000004
37930.0,-0.29474
37946.0,-0.2431494117647059
38018.0,0.07580444444444444
4029.0,0.41705121951219515
38054.0,-0.0891935064935065
38080.0,-0.16579655172413796
38102.0,0.3976641025641026
4050.0,0.8183674698795181
38159.0,0.16362380952380953
38208.0,0.2498942857142857
38222.0,0.33234585987261145
38256.0,0.7585457142857143
38258.0,0.6296848484848485
38325.0,0.5504523809523809
38334.0,0.2758051948051948
38337.0,0.043973809523809526
38339.0,0.47284421296296303
38351.0,0.31713606557377044
38367.0,0.33758285714285713
38382.0,-0.13185576923076925
38400.0,-0.20968936170212765
38414.0,-0.007666981132075465
38441.0,0.24060146341463412
38480.0,0.4619176470588236
38537.0,0.3115956756756757
38543.0,-0.312365625
4091.0,0.25811632653061223
38571.0,-0.5576647058823528
38575.0,0.28045454545454546
38595.0,0.5619088235294117
38612.0,0.27994
38623.0,0.5644243902439023
38633.0,0.5261612903225807
38636.0,-0.2437
38638.0,-0.23634352941176467
38641.0,0.029079999999999988
38661.0,0.4118230769230769
38685.0,0.67365
38702.0,0.40614782608695643
38722.0,0.2610617647058823
38726.0,0.4335483870967741
38767.0,0.19162249999999997
38803.0,0.08421142857142859
38824.0,0.47107532467532465
4118.0,0.15895000000000004
38878.0,0.06540416666666667
38910.0,-0.061644444444444425
38914.0,0.18286249999999998
38916.0,-0.14072
38925.0,0.1691785046728972
38936.0,0.48218
38937.0,0.3676242990654206
39095.0,0.4143115942028986
39112.0,0.24841212121212125
39131.0,0.14071441441441443
39202.0,-0.13941481481481482
39209.0,0.4649235294117646
39261.0,-0.3825891891891892
39432.0,0.3989135135135135
39477.0,-0.3156278846153846
39494.0,-0.39313870967741943
39495.0,-0.29436231884057973
39497.0,0.05452903225806451
39501.0,-0.38430000000000003
39506.0,0.6496984615384616
39564.0,0.38207941176470595
39578.0,0.5507142857142857
4191.0,0.376621875
39594.0,-0.007416129032258059
39621.0,-0.3719526539278131
39688.0,-0.25174
582.0,0.37561578947368424
39725.0,0.2501301886792453
39744.0,0.4892415841584158
39751.0,-0.0014932203389830577
39759.0,-0.06688307692307692
39771.0,0.23550975609756095
39774.0,-0.08701960784313727
39810.0,0.30224124999999996
39823.0,0.19304799999999997
39857.0,0.43550526315789473
39862.0,0.4426899082568808
39891.0,0.08498222222222225
39896.0,0.6124861538461539
39897.0,0.3510088495575221
39911.0,0.669510810810811
4237.0,0.37949142857142854
39936.0,-0.07237249999999999
39940.0,-0.27438787878787874
39942.0,0.7040567010309279
39961.0,0.5893245283018869
40010.0,0.5681333333333334
40012.0,0.24530625
40037.0,0.24221296296296302
40046.0,0.3867846153846154
40047.0,0.015280487804878036
40053.0,-0.21455588235294115
40097.0,-0.2942857142857142
40139.0,0.19537419354838706
4261.0,0.1013186046511628
40220.0,0.22745526315789474
40225.0,-0.17319750000000003
40286.0,0.33745945945945954
40302.0,-0.16663032786885243
40344.0,-0.2436975609756098
40364.0,-0.6131717948717949
4275.0,0.17937042253521124
40389.0,-0.08102078651685392
40406.0,-0.39756818181818193
40457.0,0.4349338235294118
40464.0,0.602335294117647
40466.0,-0.30060259740259737
40504.0,-0.35836125
40505.0,0.5771508196721311
40519.0,0.29017637795275597
40529.0,-0.3128372881355932
40584.0,0.06973859649122809
4304.0,0.31513421052631574
40678.0,0.058233333333333324
40696.0,0.17760169491525424
40708.0,0.7780578947368421
40722.0,0.4201375
40723.0,0.23792831858407085
40731.0,-0.26412037037037045
40732.0,0.43070263157894734
40733.0,0.56385
40765.0,-0.532
4332.0,0.7024477272727273
40769.0,0.28919999999999996
40786.0,0.4897325
40789.0,0.43323333333333325
40795.0,0.4625913043478261
40822.0,0.5023300970873787
40832.0,0.07808032786885247
40840.0,0.2744024390243902
40870.0,0.5512874999999999
4349.0,0.4081785714285714
40892.0,-0.37380681818181816
40942.0,-0.09005079365079366
40967.0,0.4926696969696969
40978.0,0.15678548387096775
40989.0,0.4865404761904762
41035.0,-0.04907590361445783
41046.0,0.3557030303030303
41059.0,-0.3146672727272728
41070.0,-0.07342948717948715
41080.0,0.20868124999999998
41087.0,-0.012207476635514015
4369.0,0.17510499999999998
41123.0,-0.37073663366336634
41133.0,0.22879367088607594
41138.0,0.54545
4377.0,0.524228125
41156.0,-0.1914992125984252
41169.0,0.020829032258064525
41170.0,-0.0629350710900474
41177.0,-0.20969999999999997
41226.0,0.2917525
41307.0,0.18394666666666665
41312.0,0.18763709677419355
41315.0,0.49151374045801527
41320.0,0.3179314285714286
41322.0,0.5629146341463416
41348.0,0.06508091603053433
41384.0,-0.16427658536585366
41516.0,0.4321057142857142
41520.0,-0.20216015037593982
41602.0,-0.4056942307692308
41627.0,-0.46653599999999995
41706.0,-0.5033222222222222
41740.0,-0.048681250000000016
41765.0,-0.4972116279069768
41773.0,0.06653961748633878
41818.0,-0.13383225806451612
41939.0,0.026942222222222215
41952.0,0.38608292682926826
4497.0,0.5274428571428571
41991.0,-0.01096129032258065
42008.0,-0.254535294117647
42080.0,-0.3105634146341464
42084.0,-0.19690208333333334
42119.0,0.023434375000000014
42140.0,-0.5503735294117648
42232.0,-0.10761382978723405
42279.0,-0.4031443965517241
42340.0,0.41744050632911384
42347.0,0.280659375
42382.0,0.5141727272727273
42465.0,0.11925483870967737
42480.0,0.7102205128205128
42488.0,0.11469054054054056
42503.0,0.6907771428571429
42514.0,0.36270714285714284
4583.0,0.4138742857142857
42558.0,-0.19758615384615386
42617.0,-0.46420000000000006
42666.0,-0.20299714285714282
42668.0,0.29308750000000006
42713.0,-0.19416363636363634
42751.0,0.34003192771084334
42764.0,0.7141490566037737
4617.0,0.486459375
42858.0,-0.043395555555555555
42901.0,0.7048305555555555
4630.0,0.30096470588235297
4633.0,0.35129370629370626
42936.0,-0.16477592592592594
42987.0,0.14684285714285716
4638.0,0.2083193548387097
4690.0,-0.3326657142857143
49318.0,0.29339677419354837
49399.0,-0.13156923076923077
4762.0,0.2404
4763.0,0.418334693877551
52927.0,0.31007013888888885
4779.0,0.42827333333333345
54775.0,0.13077567567567566
54874.0,0.008662499999999997
55133.0,-0.15668723404255322
649.0,-0.14567878787878785
4820.0,0.2907452380952381
4840.0,0.5665568181818181
4841.0,0.25076
662.0,0.5959576271186441
4874.0,0.704476
63932.0,-0.03247457627118644
4888.0,0.45618749999999997
4915.0,0.5583073170731707
67649.0,-0.22361555555555554
68358.0,0.766790625
68880.0,-0.18796000000000004
70726.0,0.6381410256410257
4962.0,-0.09496078431372548
4984.0,0.19007812500000001
4990.0,0.8147594594594595
73788.0,-0.08776875
74211.0,0.5178259999999999
5017.0,0.36681749999999996
79749.0,0.06946461538461539
79853.0,-0.2950483333333333
5072.0,0.014951515151515132
5080.0,0.492547619047619
84990.0,0.5939000000000001
5131.0,0.37423090909090906
5133.0,0.1952568181818182
5161.0,0.18952622950819673
90161.0,-0.22403636363636362
92870.0,-0.11434
5199.0,0.36526451612903227
5235.0,0.5367370786516854
96564.0,0.004485365853658544
5264.0,0.5266371794871795
5275.0,-0.024054838709677423
5315.0,0.5046264705882353
104137.0,-0.38736842105263153
105425.0,-0.5296506666666666
5373.0,-0.13620882352941177
107945.0,-0.12930609137055837
110074.0,-0.152296511627907
5408.0,0.698725806451613
5411.0,-0.21744310344827583
111644.0,0.5010520833333333
5491.0,0.16262564102564103
5525.0,0.24024489795918363
118901.0,-0.04153809523809524
119332.0,0.4154570175438596
5543.0,0.5775253164556962
5544.0,0.5173673469387756
5548.0,0.32570476190476194
5555.0,0.08633255813953489
123933.0,-0.17276304347826088
123958.0,-0.14131315789473686
124768.0,-0.16329500000000002
125562.0,0.13609807692307696
126875.0,-0.00011345132743362172
129632.0,0.3453944444444445
5664.0,0.36234567901234577
131159.0,-0.5835962264150943
5702.0,0.381240625
135090.0,0.5740744186046512
137454.0,-0.12022276422764229
5793.0,0.333839534883721
5798.0,0.2329634615384615
139581.0,-0.3060514285714286
141111.0,0.2931875
142883.0,-0.19890294117647056
143132.0,-0.10056042780748663
143208.0,0.30351939890710383
5892.0,0.6006173076923076
5908.0,0.5392343749999999
5920.0,0.286506976744186
146393.0,-0.24552432432432433
147029.0,0.4547607142857143
5942.0,0.3808411764705883
148278.0,0.050361904761904754
148279.0,0.032103225806451606
148733.0,-0.2503823529411765
149672.0,-0.2750609756097561
149454.0,0.2320046875
150497.0,0.5950777777777778
150669.0,0.1501203703703704
150720.0,-0.01329534883720932
151727.0,0.038519512195121945
6020.0,-0.39251219512195124
154134.0,-0.43791951219512204
6110.0,0.0368
159980.0,0.0533424
6154.0,0.23805208333333328
6165.0,0.3771784615384615
6182.0,0.3135216216216216
168655.0,-0.05887305389221555
6195.0,-0.05444999999999999
6205.0,0.20096250000000002
791.0,0.33624444444444446
6246.0,0.3734222222222222
176560.0,0.7321368421052632
6310.0,0.28490247933884294
6321.0,0.1381677419354839
178969.0,0.5121896551724139
6346.0,0.38032916666666666
186959.0,0.017337931034482775
6434.0,0.1500952380952381
187646.0,0.1312
188808.0,0.48404009433962264
189937.0,0.3350264705882353
193065.0,0.47321707317073164
799.0,0.24177560975609755
194644.0,0.6661034482758621
196357.0,0.33734693877551025
201543.0,-0.08764583333333333
6623.0,0.45192051282051293
812.0,0.3941125
8031.0,0.5511759036144579
211696.0,0.3150114285714286
820.0,0.4175612903225807
215412.0,0.5013509433962264
6817.0,0.5417571428571429
6824.0,0.07285
223163.0,-0.6556055045871559
6894.0,0.637959375
226148.0,-0.028831395348837212
6916.0,0.3579108108108108
228049.0,-0.10381714285714286
228669.0,-0.5201929411764706
844.0,0.03838571428571428
6981.0,0.05680606060606063
7031.0,0.13951666666666665
7047.0,0.5090777777777779
7073.0,0.028756249999999983
7088.0,0.1433255319148936
7090.0,0.17249142857142855
243940.0,-0.4398805555555555
7143.0,0.13102564102564104
247505.0,-0.262180701754386
7149.0,0.33598108108108105
7148.0,0.5511974358974359
248013.0,0.2083180722891566
248200.0,-0.42441463414634145
7183.0,0.12071612903225806
256641.0,0.4520476190476191
868.0,0.22414857142857142
7366.0,0.25808709677419356
7373.0,0.5659
7397.0,0.07446756756756756
7489.0,0.32875151515151513
7531.0,0.26959736842105264
279188.0,-0.26657613636363636
280432.0,0.0932090909090909
7548.0,0.4811250000000001
283262.0,-0.25334615384615383
287100.0,-0.4961850746268657
7628.0,0.5197200000000001
7678.0,0.6258208333333334
7694.0,0.25257419354838706
291208.0,-0.32926408839779003
296639.0,-0.15690927835051546
7855.0,0.49057660550458715
7874.0,0.5593959183673469
304020.0,-0.23924324324324325
305626.0,0.687686
7975.0,0.14525531914893616
8000.0,0.29590277777777774
8012.0,-0.09412500000000001
8051.0,0.44020408163265307
8053.0,0.20670566037735852
311723.0,0.08457682926829269
312815.0,0.3711022222222222
313502.0,0.05415897435897437
8117.0,0.25287049180327864
317675.0,-0.45609411764705887
317719.0,-0.16141428571428573
317729.0,-0.21542966101694916
317947.0,0.3709233333333334
8136.0,0.2710651162790698
320302.0,-0.23499078341013827
8179.0,0.43089841269841267
8185.0,0.3611055555555555
325284.0,-0.10224310344827586
325495.0,0.5969735294117647
8237.0,0.44646578947368426
335302.0,-0.4211175
335365.0,0.5445773584905661
8328.0,0.36610198019801976
8353.0,0.5248414634146342
8356.0,0.41248163265306126
339756.0,-0.12483013698630138
8362.0,0.47491500000000003
342254.0,-0.3239630434782608
346432.0,0.25245454545454543
8522.0,0.02863428571428572
356506.0,-0.3719357142857143
8600.0,0.1818271186440678
362512.0,0.1275205882352941
8621.0,0.4149709677419355
363459.0,-0.4890744680851063
367967.0,0.13085322580645162
369187.0,-0.5077972222222222
8718.0,0.18078947368421053
8729.0,0.3707641025641025
8757.0,0.275421875
379113.0,-0.3908114285714286
1014.0,0.5421409090909092
388314.0,0.30488205128205126
8876.0,0.31670506329113923
389709.0,-0.3453
392573.0,-0.0774122699386503
396293.0,0.41024583333333337
8982.0,0.2003576923076923
9001.0,0.3484736111111111
9029.0,-0.0468725
9056.0,0.3442121212121212
9142.0,0.4337542857142857
9143.0,0.22626000000000004
9155.0,0.5029102564102564
9168.0,0.10760178571428572
9170.0,0.4014228571428572
9184.0,0.5249857142857144
9196.0,0.7446411764705883
9214.0,0.4606060606060606
9218.0,0.14838152866242038
9226.0,0.47221388888888893
9231.0,0.09019555555555557
9251.0,0.2454926829268293
430358.0,-0.46870697674418604
437715.0,0.7709393939393939
9525.0,-0.08833333333333333
460054.0,-0.2425081081081081
466398.0,-0.3712657894736842
9779.0,0.44546952380952376
476337.0,-0.1331851063829787
9952.0,0.2278483870967742
485579.0,-0.2668773109243697
489400.0,0.25747101449275356
491966.0,-0.4638777777777779
10116.0,0.04161500000000003
10124.0,0.049328124999999994
496820.0,0.055150000000000005
512704.0,0.1859575
